{"AURORA-Runaway": [93.17132234573364, 0.01324965269304812, 0.023499024973716587, 4.4280193746089935, 0.8188237436115742, 0.02994967217091471, 0.0037292538763722405, 1.3911781832575798, 0.1202415325678885], "BLACKPINK-IceCreamwithSelenaGomez": [0.010249966726405546, 0.00026459058517502854, 0.0018236494724988006, 0.003855250179185532, 99.91475343704224, 0.002396252784819808, 0.007823170017218217, 0.0579425017349422, 0.0008846836863085628], "ChristinaPerri-AThousandYears": [0.05322243086993694, 99.81634020805359, 0.01757331338012591, 0.07456348976120353, 0.0008537746907677501, 0.0038261008739937097, 0.002770610080915503, 0.026781539781950414, 0.004068321140948683], "DuaLipa-LevitatingFeaturingDaBaby": [0.042831277824006975, 0.5221282597631216, 0.02215284330304712, 0.1234521740116179, 72.61945009231567, 0.1748391892760992, 1.1897633783519268, 0.4342901986092329, 24.871094524860382], "DuaLipa-NewRules": [0.002119652162946295, 0.00016336477983713849, 0.003674601612146944, 0.007092145824572071, 99.70340728759766, 0.008602727757534012, 0.0017787304386729375, 0.27294643223285675, 0.00021956334421702195], "EdSheeran-Perfect": [77.34715938568115, 0.02846364222932607, 16.554202139377594, 0.01776105200406164, 4.688499867916107, 0.70951241068542, 0.03672434249892831, 0.5942751653492451, 0.023411275469698012], "EdSheeran-ShapeofYou": [99.15380477905273, 0.0037287500163074583, 0.7144597359001637, 0.002177515307266731, 0.05594997201114893, 0.0285200250800699, 0.000178243942627887, 0.03912208485417068, 0.0020649831640184857], "Eric\u5468\u8208\u54f2-\u600e\u9ebc\u4e86What'sWrong": [0.15221837675198913, 99.66768026351929, 0.015061904559843242, 0.11887808796018362, 0.0008224355042329989, 0.005902439806959592, 0.0039883016142994165, 0.030830572359263897, 0.004619760875357315], "MAGIC!-Rude": [0.003840708450297825, 0.00038436705835920293, 0.0077239157690200955, 0.0015578081729472615, 99.69539642333984, 0.01358183944830671, 0.004585679198498838, 0.27241974603384733, 0.000513878649144317], "MarkRonson-UptownFunkft.BrunoMars": [0.021888900664635003, 0.0002079304522339953, 0.004240901398588903, 0.0018017040929407813, 99.69584941864014, 0.0016919197150855325, 0.00425188809458632, 0.2515805186703801, 0.018476018158253282], "Maroon5-GirlsLikeYouft.CardiB": [0.019540221546776593, 0.0007692900908295996, 0.010270337224937975, 0.0006466288596129743, 99.87653493881226, 0.002966778447444085, 0.0057598950661486015, 0.07856144802644849, 0.0049673955800244585], "Maroon5-Lost": [0.01621675182832405, 0.011732758866855875, 0.20452726166695356, 0.018625411030370742, 87.92251348495483, 0.011001271923305467, 11.250322312116623, 0.31076266895979643, 0.25429953821003437], "Maroon5-Sugar": [0.032485456904396415, 99.73904490470886, 0.006546193617396057, 0.18992879195138812, 0.0011334851478750352, 0.00507011245645117, 0.004956840348313563, 0.016236664669122547, 0.00460415831184946], "OliviaRodrigo-dejavu": [11.251462996006012, 0.41561112739145756, 0.11120946146547794, 1.5555779449641705, 85.16697287559509, 0.9785770438611507, 0.00013402157037489815, 0.24029160849750042, 0.28016616124659777], "OliviaRodrigo-driverslicense": [99.85735416412354, 0.009582475468050689, 0.07201841217465699, 0.0012120518476876896, 0.02397185453446582, 0.0049321039114147425, 7.743910828139633e-05, 0.03025734913535416, 0.0006010021934343968], "TONESANDI-DANCEMONKEY": [0.08296130108647048, 0.5948340520262718, 0.07427743403241038, 1.2064076960086823, 12.909504771232605, 0.04317708662711084, 0.06379042752087116, 5.838916450738907, 79.18612957000732], "\u4efb\u7136-\u98db\u9ce5\u548c\u87ec": [0.033141247695311904, 2.202330529689789, 0.25993508752435446, 0.05664759664796293, 84.94203090667725, 1.5964146703481674, 1.2600275687873363, 2.71675493568182, 6.9327086210250854], "\u516b\u4e09\u592d831-\u60f3\u898b\u4f60\u60f3\u898b\u4f60\u60f3\u898b\u4f60MissYou3000": [0.016750494251027703, 0.0001475392195970926, 0.0002883129127440043, 0.0006437773663492408, 99.95884299278259, 0.0021587247829302214, 0.0012371580851322506, 0.004730663204099983, 0.015192371211014688], "\u52d5\u529b\u706b\u8ecaPowerStation-\u6211\u5f88\u597d\u9a19LoveMeTrue": [25.557634234428406, 9.54146459698677, 23.80226105451584, 8.342734724283218, 0.01882878568721935, 0.25243249256163836, 0.5043476819992065, 31.85296356678009, 0.12733355397358537], "\u5468\u5174\u54f2-\u4f60\u7684\u5a5a\u793c": [0.010842552001122385, 0.001818890632421244, 0.005407068965723738, 0.0005720648914575577, 99.51308965682983, 0.007277644181158394, 0.018107933283317834, 0.040214587352238595, 0.4026716575026512], "\u6c5f\u7f8e\u742aMaggieChiang-\u7e5eStillAround": [0.24906860198825598, 99.43854808807373, 0.24584122002124786, 0.04363653133623302, 0.00047210060074576177, 0.006921646854607388, 0.0005823724677611608, 0.011478229134809226, 0.0034642893297132105], "\u76e7\u5ee3\u4ef2CrowdLu-\u523b\u5728\u6211\u5fc3\u5e95\u7684\u540d\u5b57YourNameEngravedHerein": [2.19439547508955, 96.88188433647156, 0.02120684803230688, 0.10025064693763852, 0.004628907845471986, 0.5688996985554695, 0.004261126014171168, 0.20861865486949682, 0.015842908760532737], "\u7a0b\u97ff-\u56db\u5b63\u4e88\u4f60": [7.223343104124069, 0.10058997431769967, 87.40854859352112, 4.863252118229866, 0.13411438558250666, 0.02150310465367511, 0.007898149488028139, 0.028808516799472272, 0.2119358628988266], "\u8304\u5b50\u86cbEggPlantEgg-\u611b\u60c5\u4f60\u6bd4\u6211\u60f3\u7684\u95a3\u8f03\u5049\u5927": [0.22352186497300863, 80.68999648094177, 17.76890605688095, 0.8016845211386681, 0.000955497489485424, 0.0008612005331087857, 0.017314708384219557, 0.4786551930010319, 0.01810646936064586], "\u8521\u8a69\u82b8ft.\u9ad8\u723e\u5ba3-DizzyDizzo": [99.52285289764404, 0.020448531722649932, 0.20018427167087793, 0.00732170301489532, 0.05478529492393136, 0.0036308127164375037, 0.000249111349148734, 0.18418796826153994, 0.0063320745539385825], "\u963f\u5197-\u8207\u6211\u7121\u95dc\u266a": [33.47328305244446, 28.577905893325806, 3.9471585303545, 0.6148785352706909, 0.10427006054669619, 0.2662943908944726, 0.6628947798162699, 32.260411977767944, 0.09290364105254412], "\u9673\u52e2\u5b89AndrewTan-\u6211\u5011\u90fd\u50b7MutualPainMV": [95.69374918937683, 0.009484389011049643, 1.6295334324240685, 1.2303372845053673, 0.6114376243203878, 0.14510491164401174, 0.00010570159929557121, 0.008456322393612936, 0.6717906333506107], "\u97cb\u79ae\u5b89WeiBird-\u56e0\u70ba\u662f\u4f60JustStaywithMe": [3.9380721747875214, 0.04379434103611857, 94.3202257156372, 0.02061156992567703, 0.30216381419450045, 0.2266013529151678, 1.0286319069564342, 0.11690803803503513, 0.002987021616718266], "\u9811\u7ae5MJ116-SweetBaby": [1.5579592436552048, 2.1248742938041687, 35.18775701522827, 0.5188916344195604, 0.4385066218674183, 0.4167980048805475, 13.717558979988098, 41.82099103927612, 4.216674342751503]}